,Mean,Standard Deviation
Date,2022-08-01 06:54:54.915254272,522 days 18:43:15.212077632
AAPL,0.024212866652138128,0.08383735166736081
MSFT,0.020068980187731015,0.06421848878054752
