,AAPL,MSFT
AAPL,1.0,0.6496839187187408
MSFT,0.6496839187187408,1.0
