,AAPL,MSFT,VOO
AAPL,1.0,0.7484721357639796,0.789574478615084
MSFT,0.7484721357639796,1.0,0.8200253722879276
VOO,0.789574478615084,0.8200253722879276,1.0
