,AAPL,MSFT,VOO
AAPL,1.0,0.6907305958938834,0.7560593728418545
MSFT,0.6907305958938834,1.0,0.7227225141192823
VOO,0.7560593728418545,0.7227225141192823,1.0
