,AAPL,VOO,MSFT
AAPL,1.0,0.789574913775075,0.7484722603495073
VOO,0.789574913775075,1.0,0.8200256250993831
MSFT,0.7484722603495073,0.8200256250993831,1.0
