,AAPL,VOO,MSFT,GME
AAPL,1.0,0.7895749333799867,0.748472204217486,0.16189557181861094
VOO,0.7895749333799867,1.0,0.8200255732575539,0.15534833354364988
MSFT,0.748472204217486,0.8200255732575539,1.0,0.11826540879287319
GME,0.16189557181861094,0.15534833354364988,0.11826540879287319,1.0
